icd9_code,short_title,long_title,k_card,k_heart,k_hemorrhag,k_bleed,k_embolism,k_shock,k_clot,num,exclude,comments
3641,Meningococc pericarditis,Meningococcal pericarditis,1,0,0,0,0,0,0,11,1,
4082,Toxic shock syndrome,Toxic shock syndrome,0,0,0,0,0,1,0,25,0,
521,Varicella pneumonitis,Varicella (hemorrhagic) pneumonitis,0,0,1,0,0,0,0,4,1,
860,Chagas disease of heart,Chagas' disease with heart involvement,0,1,0,0,0,0,0,1,1,
11281,Candidal endocarditis,Candidal endocarditis,1,0,0,0,0,0,0,6,1,
1510,Mal neo stomach cardia,Malignant neoplasm of cardia,1,0,0,0,0,0,0,21,1,
1641,Malignant neopl heart,Malignant neoplasm of heart,0,1,0,0,0,0,0,1,1,
2127,Benign neoplasm heart,Benign neoplasm of heart,0,1,0,0,0,0,0,37,1,
2851,Ac posthemorrhag anemia,Acute posthemorrhagic anemia,0,0,1,0,0,0,0,1947,1,
2863,Cong def clot factor NEC,Congenital deficiency of other clotting factors,0,0,0,0,0,0,1,22,0,
2879,Hemorrhagic cond NOS,Unspecified hemorrhagic conditions,0,0,1,0,0,0,0,2,1,
36281,Retinal hemorrhage,Retinal hemorrhage,0,0,1,0,0,0,0,15,0,
36362,Expulsive choroid hemorr,Expulsive choroidal hemorrhage,0,0,1,0,0,0,0,1,0,
37272,Conjunctival hemorrhage,Conjunctival hemorrhage,0,0,1,0,0,0,0,25,0,
37923,Vitreous hemorrhage,Vitreous hemorrhage,0,0,1,0,0,0,0,3,0,
3910,Acute rheumatic pericard,Acute rheumatic pericarditis,1,0,0,0,0,0,0,3,1,
3911,Acute rheumatic endocard,Acute rheumatic endocarditis,1,0,0,0,0,0,0,14,1,
3918,Ac rheumat hrt dis NEC,Other acute rheumatic heart disease,0,1,0,0,0,0,0,1,1,
393,Chr rheumatic pericard,Chronic rheumatic pericarditis,1,0,0,0,0,0,0,3,1,
39890,Rheumatic heart dis NOS,"Rheumatic heart disease, unspecified",0,1,0,0,0,0,0,44,1,
39891,Rheumatic heart failure,Rheumatic heart failure (congestive),0,1,0,0,0,0,0,316,1,
39899,Rheumatic heart dis NEC,Other rheumatic heart diseases,0,1,0,0,0,0,0,1,1,
40200,Mal hyp ht dis w/o hf,Malignant hypertensive heart disease without heart failure,0,1,0,0,0,0,0,1,0,
40201,Mal hypert hrt dis w hf,Malignant hypertensive heart disease with heart failure,0,1,0,0,0,0,0,4,1,
40210,Benign hyp ht dis w/o hf,Benign hypertensive heart disease without heart failure,0,1,0,0,0,0,0,1,0,
40211,Benign hyp ht dis w hf,Benign hypertensive heart disease with heart failure,0,1,0,0,0,0,0,1,1,
40290,Hyp hrt dis NOS w/o hf,Unspecified hypertensive heart disease without heart failure,0,1,0,0,0,0,0,10,0,
40291,Hyp ht dis NOS w ht fail,Unspecified hypertensive heart disease with heart failure,0,1,0,0,0,0,0,60,1,
40401,Mal hyp ht/kd I-IV w hf,"Hypertensive heart and chronic kidney disease, malignant, with heart failure and with chronic kidney disease stage I through stage IV, or unspecified",0,1,0,0,0,0,0,4,1,
40403,Mal hyp ht/kd stg V w hf,"Hypertensive heart and chronic kidney disease, malignant, with heart failure and with chronic kidney disease stage V or end stage renal disease",0,1,0,0,0,0,0,3,1,
40411,Ben hyp ht/kd I-IV w hf,"Hypertensive heart and chronic kidney disease, benign, with heart failure and with chronic kidney disease stage I through stage IV, or unspecified",0,1,0,0,0,0,0,1,1,
40490,Hy ht/kd NOS I-IV w/o hf,"Hypertensive heart and chronic kidney disease, unspecified, without heart failure and with chronic kidney disease stage I through stage IV, or unspecified",0,1,0,0,0,0,0,2,0,
40491,Hyp ht/kd NOS I-IV w hf,"Hypertensive heart and chronic kidney disease, unspecified, with heart failure and with chronic kidney disease stage I through stage IV, or unspecified",0,1,0,0,0,0,0,21,1,
40492,Hy ht/kd NOS st V w/o hf,"Hypertensive heart and chronic kidney disease, unspecified, without heart failure and with chronic kidney disease stage V or end stage renal disease",0,1,0,0,0,0,0,4,0,
40493,Hyp ht/kd NOS st V w hf,"Hypertensive heart and chronic kidney disease, unspecified, with heart failure and chronic kidney disease stage V or end stage renal disease",0,1,0,0,0,0,0,11,1,
41001,"AMI anterolateral, init","Acute myocardial infarction of anterolateral wall, initial episode of care",1,0,0,0,0,0,0,174,1,
41002,"AMI anterolateral,subseq","Acute myocardial infarction of anterolateral wall, subsequent episode of care",1,0,0,0,0,0,0,6,1,
41010,"AMI anterior wall,unspec","Acute myocardial infarction of other anterior wall, episode of care unspecified",1,0,0,0,0,0,0,1,1,
41011,"AMI anterior wall, init","Acute myocardial infarction of other anterior wall, initial episode of care",1,0,0,0,0,0,0,583,1,
41012,"AMI anterior wall,subseq","Acute myocardial infarction of other anterior wall, subsequent episode of care",1,0,0,0,0,0,0,29,1,
41021,"AMI inferolateral, init","Acute myocardial infarction of inferolateral wall, initial episode of care",1,0,0,0,0,0,0,129,1,
41022,"AMI inferolateral,subseq","Acute myocardial infarction of inferolateral wall, subsequent episode of care",1,0,0,0,0,0,0,3,1,
41031,"AMI inferopost, initial","Acute myocardial infarction of inferoposterior wall, initial episode of care",1,0,0,0,0,0,0,142,1,
41032,"AMI inferopost, subseq","Acute myocardial infarction of inferoposterior wall, subsequent episode of care",1,0,0,0,0,0,0,2,1,
41041,"AMI inferior wall, init","Acute myocardial infarction of other inferior wall, initial episode of care",1,0,0,0,0,0,0,613,1,
41042,"AMI inferior wall,subseq","Acute myocardial infarction of other inferior wall, subsequent episode of care",1,0,0,0,0,0,0,17,1,
41051,"AMI lateral NEC, initial","Acute myocardial infarction of other lateral wall, initial episode of care",1,0,0,0,0,0,0,48,1,
41071,"Subendo infarct, initial","Subendocardial infarction, initial episode of care",1,0,0,0,0,0,0,2831,1,
41072,"Subendo infarct, subseq","Subendocardial infarction, subsequent episode of care",1,0,0,0,0,0,0,189,1,
41081,"AMI NEC, initial","Acute myocardial infarction of other specified sites, initial episode of care",1,0,0,0,0,0,0,78,1,
41082,"AMI NEC, subsequent","Acute myocardial infarction of other specified sites, subsequent episode of care",1,0,0,0,0,0,0,4,1,
41090,"AMI NOS, unspecified","Acute myocardial infarction of unspecified site, episode of care unspecified",1,0,0,0,0,0,0,1,1,
41091,"AMI NOS, initial","Acute myocardial infarction of unspecified site, initial episode of care",1,0,0,0,0,0,0,364,1,
41092,"AMI NOS, subsequent","Acute myocardial infarction of unspecified site, subsequent episode of care",1,0,0,0,0,0,0,32,1,
4110,Post MI syndrome,Postmyocardial infarction syndrome,1,0,0,0,0,0,0,75,1,
41181,Acute cor occlsn w/o MI,Acute coronary occlusion without myocardial infarction,1,0,0,0,0,0,0,16,1,
41189,Ac ischemic hrt dis NEC,"Other acute and subacute forms of ischemic heart disease, other",0,1,0,0,0,0,0,117,1,
412,Old myocardial infarct,Old myocardial infarction,1,0,0,0,0,0,0,1892,0,discuss
41410,Aneurysm of heart,Aneurysm of heart (wall),0,1,0,0,0,0,0,46,1,
41419,Aneurysm of heart NEC,Other aneurysm of heart,0,1,0,0,0,0,0,25,1,
4148,Chr ischemic hrt dis NEC,Other specified forms of chronic ischemic heart disease,0,1,0,0,0,0,0,617,1,
4149,Chr ischemic hrt dis NOS,"Chronic ischemic heart disease, unspecified",0,1,0,0,0,0,0,5,1,
41511,Iatrogen pulm emb/infarc,Iatrogenic pulmonary embolism and infarction,0,0,0,0,1,0,0,167,1,
41512,Septic pulmonary embolsm,Septic pulmonary embolism,0,0,0,0,1,0,0,71,1,
41519,Pulm embol/infarct NEC,Other pulmonary embolism and infarction,0,0,0,0,1,0,0,708,1,
4162,Chr pulmonary embolism,Chronic pulmonary embolism,0,0,0,0,1,0,0,45,1,
4168,Chr pulmon heart dis NEC,Other chronic pulmonary heart diseases,0,1,0,0,0,0,0,1910,0,discuss
4169,Chr pulmon heart dis NOS,"Chronic pulmonary heart disease, unspecified",0,1,0,0,0,0,0,56,0,discuss
4200,Ac pericardit in oth dis,Acute pericarditis in diseases classified elsewhere,1,0,0,0,0,0,0,32,1,
42090,Acute pericarditis NOS,"Acute pericarditis, unspecified",1,0,0,0,0,0,0,400,1,
42091,Ac idiopath pericarditis,Acute idiopathic pericarditis,1,0,0,0,0,0,0,156,1,
42099,Acute pericarditis NEC,Other acute pericarditis,1,0,0,0,0,0,0,166,1,
4210,Ac/subac bact endocard,Acute and subacute bacterial endocarditis,1,0,0,0,0,0,0,588,1,
4219,Ac/subac endocardit NOS,"Acute endocarditis, unspecified",1,0,0,0,0,0,0,13,1,
4220,Ac myocardit in oth dis,Acute myocarditis in diseases classified elsewhere,1,0,0,0,0,0,0,2,1,
42290,Acute myocarditis NOS,"Acute myocarditis, unspecified",1,0,0,0,0,0,0,7,1,
42291,Idiopathic myocarditis,Idiopathic myocarditis,1,0,0,0,0,0,0,17,1,
42292,Septic myocarditis,Septic myocarditis,1,0,0,0,0,0,0,9,1,
42293,Toxic myocarditis,Toxic myocarditis,1,0,0,0,0,0,0,7,1,
4230,Hemopericardium,Hemopericardium,1,0,0,0,0,0,0,256,1,
4231,Adhesive pericarditis,Adhesive pericarditis,1,0,0,0,0,0,0,41,1,
4232,Constrictiv pericarditis,Constrictive pericarditis,1,0,0,0,0,0,0,90,1,
4233,Cardiac tamponade,Cardiac tamponade,1,0,0,0,0,0,0,755,1,
4238,Pericardial disease NEC,Other specified diseases of pericardium,1,0,0,0,0,0,0,180,1,
4239,Pericardial disease NOS,Unspecified disease of pericardium,1,0,0,0,0,0,0,897,1,
42490,Endocarditis NOS,"Endocarditis, valve unspecified, unspecified cause",1,0,0,0,0,0,0,54,1,
42491,Endocarditis in oth dis,Endocarditis in diseases classified elsewhere,1,0,0,0,0,0,0,2,1,
42511,Hyprtrophc obst cardiomy,Hypertrophic obstructive cardiomyopathy,1,0,0,0,0,0,0,9,0,discuss
42518,Oth hyprtrophic cardiomy,Other hypertrophic cardiomyopathy,1,0,0,0,0,0,0,5,0,discuss
4253,Endocard fibroelastosis,Endocardial fibroelastosis,1,0,0,0,0,0,0,8,1,
4254,Prim cardiomyopathy NEC,Other primary cardiomyopathies,1,0,0,0,0,0,0,1341,1,
4255,Alcoholic cardiomyopathy,Alcoholic cardiomyopathy,1,0,0,0,0,0,0,47,1,
4257,Metabolic cardiomyopathy,Nutritional and metabolic cardiomyopathy,1,0,0,0,0,0,0,27,1,
4258,Cardiomyopath in oth dis,Cardiomyopathy in other diseases classified elsewhere,1,0,0,0,0,0,0,32,1,
4259,Second cardiomyopath NOS,"Secondary cardiomyopathy, unspecified",1,0,0,0,0,0,0,60,1,
4266,Other heart block,Other heart block,0,1,0,0,0,0,0,14,1,
4270,Parox atrial tachycardia,Paroxysmal supraventricular tachycardia,1,0,0,0,0,0,0,128,1,
4271,Parox ventric tachycard,Paroxysmal ventricular tachycardia,1,0,0,0,0,0,0,1588,1,
4272,Parox tachycardia NOS,"Paroxysmal tachycardia, unspecified",1,0,0,0,0,0,0,9,1,
4275,Cardiac arrest,Cardiac arrest,1,0,0,0,0,0,0,1479,1,
42789,Cardiac dysrhythmias NEC,Other specified cardiac dysrhythmias,1,0,0,0,0,0,0,1472,1,
4279,Cardiac dysrhythmia NOS,"Cardiac dysrhythmia, unspecified",1,0,0,0,0,0,0,8,1,
4280,CHF NOS,"Congestive heart failure, unspecified",0,1,0,0,0,0,0,9622,1,
4281,Left heart failure,Left heart failure,0,1,0,0,0,0,0,30,1,
42820,Systolic hrt failure NOS,"Systolic heart failure, unspecified",0,1,0,0,0,0,0,366,1,
42821,Ac systolic hrt failure,Acute systolic heart failure,0,1,0,0,0,0,0,704,1,
42822,Chr systolic hrt failure,Chronic systolic heart failure,0,1,0,0,0,0,0,656,1,
42823,Ac on chr syst hrt fail,Acute on chronic systolic heart failure,0,1,0,0,0,0,0,1054,1,
42830,Diastolc hrt failure NOS,"Diastolic heart failure, unspecified",0,1,0,0,0,0,0,526,1,discuss
42831,Ac diastolic hrt failure,Acute diastolic heart failure,0,1,0,0,0,0,0,430,1,
42832,Chr diastolic hrt fail,Chronic diastolic heart failure,0,1,0,0,0,0,0,692,1,
42833,Ac on chr diast hrt fail,Acute on chronic diastolic heart failure,0,1,0,0,0,0,0,880,1,
42840,Syst/diast hrt fail NOS,"Combined systolic and diastolic heart failure, unspecified",0,1,0,0,0,0,0,115,1,
42841,Ac syst/diastol hrt fail,Acute combined systolic and diastolic heart failure,0,1,0,0,0,0,0,94,1,
42842,Chr syst/diastl hrt fail,Chronic combined systolic and diastolic heart failure,0,1,0,0,0,0,0,114,1,
42843,Ac/chr syst/dia hrt fail,Acute on chronic combined systolic and diastolic heart failure,0,1,0,0,0,0,0,344,1,
4289,Heart failure NOS,"Heart failure, unspecified",0,1,0,0,0,0,0,10,1,
4290,Myocarditis NOS,"Myocarditis, unspecified",1,0,0,0,0,0,0,16,1,
4291,Myocardial degeneration,Myocardial degeneration,1,0,0,0,0,0,0,11,1,
4292,Ascvd,"Cardiovascular disease, unspecified",1,0,0,0,0,0,0,1,0,discuss
4293,Cardiomegaly,Cardiomegaly,1,0,0,0,0,0,0,66,0,discuss
4294,Hrt dis postcardiac surg,Functional disturbances following cardiac surgery,1,0,0,0,0,0,0,31,1,
42971,Acq cardiac septl defect,Acquired cardiac septal defect,1,0,0,0,0,0,0,74,1,
42979,Other sequelae of MI NEC,"Certain sequelae of myocardial infarction, not elsewhere classified, other",1,0,0,0,0,0,0,10,1,
42989,Ill-defined hrt dis NEC,Other ill-defined heart diseases,0,1,0,0,0,0,0,147,0,discuss
4299,Heart disease NOS,"Heart disease, unspecified",0,1,0,0,0,0,0,95,0,discuss
430,Subarachnoid hemorrhage,Subarachnoid hemorrhage,0,0,1,0,0,0,0,236,1,discuss
431,Intracerebral hemorrhage,Intracerebral hemorrhage,0,0,1,0,0,0,0,359,1,discuss
4321,Subdural hemorrhage,Subdural hemorrhage,0,0,1,0,0,0,0,108,1,discuss
4329,Intracranial hemorr NOS,Unspecified intracranial hemorrhage,0,0,1,0,0,0,0,16,1,discuss
43410,Crbl emblsm wo infrct,Cerebral embolism without mention of cerebral infarction,0,0,0,0,1,0,0,19,1,discuss
43411,Crbl emblsm w infrct,Cerebral embolism with cerebral infarction,0,0,0,0,1,0,0,633,1,discuss
44409,Ot art emb/thrm abd aort,Other arterial embolism and thrombosis of abdominal aorta,0,0,0,0,1,0,0,21,1,
4441,Thoracic aortic embolism,Embolism and thrombosis of thoracic aorta,0,0,0,0,1,0,0,27,1,
44421,Upper extremity embolism,Arterial embolism and thrombosis of upper extremity,0,0,0,0,1,0,0,56,0,
44422,Lower extremity embolism,Arterial embolism and thrombosis of lower extremity,0,0,0,0,1,0,0,161,0,
44481,Iliac artery embolism,Embolism and thrombosis of iliac artery,0,0,0,0,1,0,0,50,0,
44489,Arterial embolism NEC,Embolism and thrombosis of other specified artery,0,0,0,0,1,0,0,89,0,
4449,Arterial embolism NOS,Embolism and thrombosis of unspecified artery,0,0,0,0,1,0,0,10,0,
44502,"Atheroembolism,lower ext",Atheroembolism of lower extremity,0,0,0,0,1,0,0,6,0,
44581,"Atheroembolism, kidney",Atheroembolism of kidney,0,0,0,0,1,0,0,5,0,
44589,"Atheroembolism, site NEC",Atheroembolism of other site,0,0,0,0,1,0,0,3,0,
4480,Heredit hemorr telangiec,Hereditary hemorrhagic telangiectasia,0,0,1,0,0,0,0,3,0,
449,Septic arterial embolism,Septic arterial embolism,0,0,0,0,1,0,0,66,0,
4532,Oth inf vena cava thromb,Other venous embolism and thrombosis of inferior vena cava,0,0,0,0,1,0,0,48,0,
4533,Renal vein thrombosis,Other venous embolism and thrombosis of renal vein,0,0,0,0,1,0,0,5,0,
45340,Ac DVT/embl low ext NOS,Acute venous embolism and thrombosis of unspecified deep vessels of lower extremity,0,0,0,0,1,0,0,66,0,
45341,Ac DVT/emb prox low ext,Acute venous embolism and thrombosis of deep vessels of proximal lower extremity,0,0,0,0,1,0,0,228,0,
45342,Ac DVT/emb distl low ext,Acute venous embolism and thrombosis of deep vessels of distal lower extremity,0,0,0,0,1,0,0,117,0,
45350,Ch DVT/embl low ext NOS,Chronic venous embolism and thrombosis of unspecified deep vessels of lower extremity,0,0,0,0,1,0,0,2,0,
45351,Ch DVT/embl prox low ext,Chronic venous embolism and thrombosis of deep vessels of proximal lower extremity,0,0,0,0,1,0,0,6,0,
45352,Ch DVT/embl dstl low ext,Chronic venous embolism and thrombosis of deep vessels of distal lower extremity,0,0,0,0,1,0,0,12,0,
4536,Embl suprfcl ves low ext,Venous embolism and thrombosis of superficial vessels of lower extremity,0,0,0,0,1,0,0,16,0,
45371,Ch emblsm suprfcl up ext,Chronic venous embolism and thrombosis of superficial veins of upper extremity,0,0,0,0,1,0,0,5,0,
45372,Ch DVT/embl up ext,Chronic venous embolism and thrombosis of deep veins of upper extremity,0,0,0,0,1,0,0,1,0,
45374,Ch emblsm axillary veins,Chronic venous embolism and thrombosis of axillary veins,0,0,0,0,1,0,0,1,0,
45375,Ch emblsm subclav veins,Chronic venous embolism and thrombosis of subclavian veins,0,0,0,0,1,0,0,3,0,
45376,Ch embl internl jug vein,Chronic venous embolism and thrombosis of internal jugular veins,0,0,0,0,1,0,0,2,0,
45377,Ch embl thorac vein NEC,Chronic venous embolism and thrombosis of other thoracic veins,0,0,0,0,1,0,0,2,0,
45381,Ac embl suprfcl up ext,Acute venous embolism and thrombosis of superficial veins of upper extremity,0,0,0,0,1,0,0,88,0,
45382,Ac DVT/embl up ext,Acute venous embolism and thrombosis of deep veins of upper extremity,0,0,0,0,1,0,0,71,0,
45383,Ac emblsm up ext NOS,"Acute venous embolism and thrombosis of upper extremity, unspecified",0,0,0,0,1,0,0,17,0,
45384,Ac emblsm axillary veins,Acute venous embolism and thrombosis of axillary veins,0,0,0,0,1,0,0,15,0,
45385,Ac embl subclav veins,Acute venous embolism and thrombosis of subclavian veins,0,0,0,0,1,0,0,39,0,
45386,Ac embl internl jug vein,Acute venous embolism and thrombosis of internal jugular veins,0,0,0,0,1,0,0,50,0,
45387,Ac embl thorac vein NEC,Acute venous embolism and thrombosis of other thoracic veins,0,0,0,0,1,0,0,7,0,
45389,Ac embolism veins NEC,Acute venous embolism and thrombosis of other specified veins,0,0,0,0,1,0,0,6,0,
4539,Venous thrombosis NOS,Other venous embolism and thrombosis of unspecified site,0,0,0,0,1,0,0,15,0,
4560,Esophag varices w bleed,Esophageal varices with bleeding,0,0,0,1,0,0,0,8,1,
4561,Esoph varices w/o bleed,Esophageal varices without mention of bleeding,0,0,0,1,0,0,0,43,0,
45620,Bleed esoph var oth dis,"Esophageal varices in diseases classified elsewhere, with bleeding",0,0,0,1,0,0,0,109,1,
45621,Esoph varice oth dis NOS,"Esophageal varices in diseases classified elsewhere, without mention of bleeding",0,0,0,1,0,0,0,129,0,
4590,Hemorrhage NOS,"Hemorrhage, unspecified",0,0,1,0,0,0,0,63,1,
5300,Achalasia & cardiospasm,Achalasia and cardiospasm,1,0,0,0,0,0,0,21,0,
53020,Ulc esophagus w/o bleed,Ulcer of esophagus without bleeding,0,0,0,1,0,0,0,23,0,
53021,Ulcer esophagus w bleed,Ulcer of esophagus with bleeding,0,0,0,1,0,0,0,9,1,
5307,Mallory-weiss syndrome,Gastroesophageal laceration-hemorrhage syndrome,0,0,1,0,0,0,0,47,1,
53082,Esophageal hemorrhage,Esophageal hemorrhage,0,0,1,0,0,0,0,19,1,
53100,Ac stomach ulcer w hem,"Acute gastric ulcer with hemorrhage, without mention of obstruction",0,0,1,0,0,0,0,23,1,
53140,Chr stomach ulc w hem,"Chronic or unspecified gastric ulcer with hemorrhage, without mention of obstruction",0,0,1,0,0,0,0,72,1,
53160,Chr stomach ulc hem/perf,"Chronic or unspecified gastric ulcer with hemorrhage and perforation, without mention of obstruction",0,0,1,0,0,0,0,1,1,
53170,Chr stomach ulcer NOS,"Chronic gastric ulcer without mention of hemorrhage or perforation, without mention of obstruction",0,0,1,0,0,0,0,10,0,
53190,Stomach ulcer NOS,"Gastric ulcer, unspecified as acute or chronic, without mention of hemorrhage or perforation, without mention of obstruction",0,0,1,0,0,0,0,65,0,
53200,Ac duodenal ulcer w hem,"Acute duodenal ulcer with hemorrhage, without mention of obstruction",0,0,1,0,0,0,0,27,1,
53201,Ac duoden ulc w hem-obst,"Acute duodenal ulcer with hemorrhage, with obstruction",0,0,1,0,0,0,0,1,1,
53220,Ac duoden ulc w hem/perf,"Acute duodenal ulcer with hemorrhage and perforation, without mention of obstruction",0,0,1,0,0,0,0,5,1,
53230,Acute duodenal ulcer NOS,"Acute duodenal ulcer without mention of hemorrhage or perforation, without mention of obstruction",0,0,1,0,0,0,0,4,0,
53240,Chr duoden ulcer w hem,"Chronic or unspecified duodenal ulcer with hemorrhage, without mention of obstruction",0,0,1,0,0,0,0,78,1,
53241,Chr duoden ulc hem-obstr,"Chronic or unspecified duodenal ulcer with hemorrhage, with obstruction",0,0,1,0,0,0,0,4,1,
53260,Chr duoden ulc hem/perf,"Chronic or unspecified duodenal ulcer with hemorrhage and perforation, without mention of obstruction",0,0,1,0,0,0,0,2,1,
53270,Chr duodenal ulcer NOS,"Chronic duodenal ulcer without mention of hemorrhage or perforation, without mention of obstruction",0,0,1,0,0,0,0,3,0,
53290,Duodenal ulcer NOS,"Duodenal ulcer, unspecified as acute or chronic, without hemorrhage or perforation, without mention of obstruction",0,0,1,0,0,0,0,25,0,
53300,Ac peptic ulcer w hemorr,"Acute peptic ulcer of unspecified site with hemorrhage, without mention of obstruction",0,0,1,0,0,0,0,2,1,
53340,Chr peptic ulcer w hem,"Chronic or unspecified peptic ulcer of unspecified site with hemorrhage, without mention of obstruction",0,0,1,0,0,0,0,5,1,
53341,Chr peptic ulc w hem-obs,"Chronic or unspecified peptic ulcer of unspecified site with hemorrhage, with obstruction",0,0,1,0,0,0,0,1,1,
53370,Chronic peptic ulcer NOS,"Chronic peptic ulcer of unspecified site without mention of hemorrhage or perforation, without mention of obstruction",0,0,1,0,0,0,0,6,0,
53390,Peptic ulcer NOS,"Peptic ulcer of unspecified site, unspecified as acute or chronic, without mention of hemorrhage or perforation, without mention of obstruction",0,0,1,0,0,0,0,62,0,
53400,Ac marginal ulcer w hem,"Acute gastrojejunal ulcer with hemorrhage, without mention of obstruction",0,0,1,0,0,0,0,2,0,
53440,Chr marginal ulcer w hem,"Chronic or unspecified gastrojejunal ulcer with hemorrhage, without mention of obstruction",0,0,1,0,0,0,0,4,1,
53490,Gastrojejunal ulcer NOS,"Gastrojejunal ulcer, unspecified as acute or chronic, without mention of hemorrhage or perforation, without mention of obstruction",0,0,1,0,0,0,0,5,0,
53500,Acute gastrtis w/o hmrhg,"Acute gastritis, without mention of hemorrhage",0,0,1,0,0,0,0,2,0,
53501,Acute gastritis w hmrhg,"Acute gastritis, with hemorrhage",0,0,1,0,0,0,0,46,1,
53510,Atrph gastrtis w/o hmrhg,"Atrophic gastritis, without mention of hemorrhage",0,0,1,0,0,0,0,11,0,
53511,Atrph gastritis w hmrhg,"Atrophic gastritis, with hemorrhage",0,0,1,0,0,0,0,9,1,
53530,Alchl gastrtis w/o hmrhg,"Alcoholic gastritis, without mention of hemorrhage",0,0,1,0,0,0,0,1,0,
53531,Alchl gstritis w hmrhg,"Alcoholic gastritis, with hemorrhage",0,0,1,0,0,0,0,2,1,
53540,Oth spf gstrt w/o hmrhg,"Other specified gastritis, without mention of hemorrhage",0,0,1,0,0,0,0,35,0,
53541,Oth spf gastrt w hmrhg,"Other specified gastritis, with hemorrhage",0,0,1,0,0,0,0,32,1,
53550,Gstr/ddnts NOS w/o hmrhg,"Unspecified gastritis and gastroduodenitis, without mention of hemorrhage",0,0,1,0,0,0,0,149,0,
53551,Gstr/ddnts NOS w hmrhg,"Unspecified gastritis and gastroduodenitis, with hemorrhage",0,0,1,0,0,0,0,64,1,
53560,Duodenitis w/o hmrhg,"Duodenitis, without mention of hemorrhage",0,0,1,0,0,0,0,47,0,
53561,Duodenitis w hmrhg,"Duodenitis, with hemorrhage",0,0,1,0,0,0,0,23,1,
53570,Eosinophil gastrt wo hem,"Eosinophilic gastritis, without mention of hemorrhage",0,0,1,0,0,0,0,3,0,
53782,Angio stm/dudn w/o hmrhg,Angiodysplasia of stomach and duodenum without mention of hemorrhage,0,0,1,0,0,0,0,28,0,
53783,Angio stm/dudn w hmrhg,Angiodysplasia of stomach and duodenum with hemorrhage,0,0,1,0,0,0,0,43,1,
53784,"Dieulafoy les,stom&duod",Dieulafoy lesion (hemorrhagic) of stomach and duodenum,0,0,1,0,0,0,0,19,1,
56200,Dvrtclo sml int w/o hmrg,Diverticulosis of small intestine (without mention of hemorrhage),0,0,1,0,0,0,0,14,0,
56202,Dvrtclo sml int w hmrhg,Diverticulosis of small intestine with hemorrhage,0,0,1,0,0,0,0,1,1,
56210,Dvrtclo colon w/o hmrhg,Diverticulosis of colon (without mention of hemorrhage),0,0,1,0,0,0,0,359,0,
56211,Dvrtcli colon w/o hmrhg,Diverticulitis of colon (without mention of hemorrhage),0,0,1,0,0,0,0,99,0,
56212,Dvrtclo colon w hmrhg,Diverticulosis of colon with hemorrhage,0,0,1,0,0,0,0,72,1,
56213,Dvrtcli colon w hmrhg,Diverticulitis of colon with hemorrhage,0,0,1,0,0,0,0,10,1,
5693,Rectal & anal hemorrhage,Hemorrhage of rectum and anus,0,0,1,0,0,0,0,37,1,
56984,Angio intes w/o hmrhg,Angiodysplasia of intestine (without mention of hemorrhage),0,0,1,0,0,0,0,10,0,
56985,Angio intes w hmrhg,Angiodysplasia of intestine with hemorrhage,0,0,1,0,0,0,0,34,1,
5789,Gastrointest hemorr NOS,"Hemorrhage of gastrointestinal tract, unspecified",0,0,1,0,0,0,0,685,1,
5967,Bladder wall hemorrhage,Hemorrhage into bladder wall,0,0,1,0,0,0,0,5,1,
6021,Prostatic congest/hemorr,Congestion or hemorrhage of prostate,0,0,1,0,0,0,0,1,1,
6268,Menstrual disorder NEC,Other disorders of menstruation and other abnormal bleeding from female genital tract,0,0,0,1,0,0,0,9,1,
6271,Postmenopausal bleeding,Postmenopausal bleeding,0,0,0,1,0,0,0,7,1,
63411,Spon abort w hemorr-inc,"Spontaneous abortion, complicated by delayed or excessive hemorrhage, incomplete",0,0,1,0,0,0,0,1,1,
63451,Spon abort w shock-inc,"Spontaneous abortion, complicated by shock, incomplete",0,0,0,0,0,1,0,2,1,
64131,Coag def hemorr-deliver,"Antepartum hemorrhage associated with coagulation defects, delivered, with or without mention of antepartum condition",0,0,1,0,0,0,0,3,1,
64861,CV dis NEC preg-deliver,"Other cardiovascular diseases of mother, delivered, with or without mention of antepartum condition",1,0,0,0,0,0,0,14,0,
64862,CV dis NEC-deliver w p/p,"Other cardiovascular diseases of mother, delivered, with mention of postpartum complication",1,0,0,0,0,0,0,1,0,
64863,CV dis NEC-antepartum,"Other cardiovascular diseases of mother, antepartum condition or complication",1,0,0,0,0,0,0,4,0,
64864,CV dis NEC-postpartum,"Other cardiovascular diseases of mother, postpartum condition or complication",1,0,0,0,0,0,0,4,0,
65971,Abn ftl hrt rate/rhy-del,"Abnormality in fetal heart rate or rhythm, delivered, with or without mention of antepartum condition",0,1,0,0,0,0,0,5,0,
66612,Postpa hem NEC-del w p/p,"Other immediate postpartum hemorrhage, delivered, with mention of postpartum complication",0,0,1,0,0,0,0,8,1,
66624,Delay p/part hem-postpar,"Delayed and secondary postpartum hemorrhage, postpartum condition or complication",0,0,1,0,0,0,0,2,1,
66811,Heart compl in del-deliv,"Cardiac complications of anesthesia or other sedation in labor and delivery, delivered, with or without mention of antepartum condition",1,0,0,0,0,0,0,2,1,
66911,Obstetric shock-deliver,"Shock during or following labor and delivery, delivered, with or without mention of antepartum condition",0,0,0,0,0,1,0,1,1,
66914,Obstetric shock-postpart,"Shock during or following labor and delivery, postpartum condition or complication",0,0,0,0,0,1,0,1,1,
67311,Amniotic embolism-deliv,"Amniotic fluid embolism, delivered, with or without mention of antepartum condition",0,0,0,0,1,0,0,2,1,
67323,Pulm embol NOS-antepart,"Obstetrical blood-clot embolism, antepartum condition or complication",0,0,0,0,1,0,1,2,1,
67333,Ob pyemic embol-antepart,"Obstetrical pyemic and septic embolism, antepartum condition or complication",0,0,0,0,1,0,0,1,1,
67451,Peripartum cardiomy-del,"Peripartum cardiomyopathy, delivered, with or without mention of antepartum condition",1,0,0,0,0,0,0,5,1,
67454,Peripartum card-postpart,"Peripartum cardiomyopathy, postpartum condition or complication",1,0,0,0,0,0,0,9,1,
74560,Endocard cushion def NOS,"Endocardial cushion defect, unspecified type",1,0,0,0,0,0,0,1,1,
74569,Endocard cushion def NEC,Other endocardial cushion defects,1,0,0,0,0,0,0,14,1,
7458,Septal closure anom NEC,Other bulbus cordis anomalies and anomalies of cardiac septal closure,1,0,0,0,0,0,0,3,1,
7467,Hypoplas left heart synd,Hypoplastic left heart syndrome,0,1,0,0,0,0,0,1,1,
74684,Obstruct heart anom NEC,"Obstructive anomalies of heart, not elsewhere classified",0,1,0,0,0,0,0,7,1,
74686,Congenital heart block,Congenital heart block,0,1,0,0,0,0,0,8,1,
74687,Malposition of heart,Malposition of heart and cardiac apex,1,1,0,0,0,0,0,5,1,
74689,Cong heart anomaly NEC,Other specified congenital anomalies of heart,0,1,0,0,0,0,0,50,1,
7469,Cong heart anomaly NOS,Unspecified congenital anomaly of heart,0,1,0,0,0,0,0,31,1,
7621,Placenta hem NEC aff NB,Other forms of placental separation and hemorrhage affecting fetus or newborn,0,0,1,0,0,0,0,2,1,
76383,Ab ftl hrt rt/rhy NOS,"Abnormality in fetal heart rate or rhythm, unspecified as to time of onset",0,1,0,0,0,0,0,15,1,
7670,Cerebral hem at birth,Subdural and cerebral hemorrhage,0,0,1,0,0,0,0,10,1,
7703,NB pulmonary hemorrhage,Pulmonary hemorrhage,0,0,1,0,0,0,0,28,1,
77210,NB intraven hem NOS,Intraventricular hemorrhage unspecified grade,0,0,1,0,0,0,0,31,1,
77211,"NB intraven hem,grade i","Intraventricular hemorrhage, grade I",0,0,1,0,0,0,0,104,1,
77212,"NB intraven hem,grade ii","Intraventricular hemorrhage, grade II",0,0,1,0,0,0,0,43,1,
77213,"NB intravn hem,grade iii","Intraventricular hemorrhage, grade III",0,0,1,0,0,0,0,26,1,
77214,"NB intraven hem,grade iv","Intraventricular hemorrhage, grade IV",0,0,1,0,0,0,0,6,1,
7724,NB GI hemorrhage,Gastrointestinal hemorrhage of fetus or newborn,0,0,1,0,0,0,0,7,0,
7726,NB cutaneous hemorrhage,Cutaneous hemorrhage of fetus or newborn,0,0,1,0,0,0,0,37,0,
7728,Neonatal hemorrhage NEC,Other specified hemorrhage of fetus or newborn,0,0,1,0,0,0,0,4,0,
77981,Neonatal bradycardia,Neonatal bradycardia,1,0,0,0,0,0,0,255,0,
77982,Neonatal tachycardia,Neonatal tachycardia,1,0,0,0,0,0,0,8,0,
7850,Tachycardia NOS,"Tachycardia, unspecified",1,0,0,0,0,0,0,224,0,
7852,Cardiac murmurs NEC,Undiagnosed cardiac murmurs,1,0,0,0,0,0,0,30,0,
78550,Shock NOS,"Shock, unspecified",0,0,0,0,0,1,0,165,0,
78551,Cardiogenic shock,Cardiogenic shock,1,0,0,0,0,1,0,1905,1,
78552,Septic shock,Septic shock,0,0,0,0,0,1,0,2202,0,
78559,Shock w/o trauma NEC,Other shock without mention of trauma,0,0,0,0,0,1,0,413,0,
7859,Cardiovas sys symp NEC,Other symptoms involving cardiovascular system,1,0,0,0,0,0,0,3,0,
79431,Abnorm electrocardiogram,Nonspecific abnormal electrocardiogram [ECG] [EKG],1,0,0,0,0,0,0,62,0,
79439,Abn cardiovasc study NEC,Other nonspecific abnormal results of function study of cardiovascular system,1,0,0,0,0,0,0,13,0,
80020,Cl skl vlt fx/mening hem,"Closed fracture of vault of skull with subarachnoid, subdural, and extradural hemorrhage, unspecified state of consciousness",0,0,1,0,0,0,0,2,1,
80021,Cl skull vlt fx w/o coma,"Closed fracture of vault of skull with subarachnoid, subdural, and extradural hemorrhage, with no loss of consciousness",0,0,1,0,0,0,0,3,1,
80022,Cl skull vlt fx-brf coma,"Closed fracture of vault of skull with subarachnoid, subdural, and extradural hemorrhage, with brief [less than one hour] loss of consciousness",0,0,1,0,0,0,0,7,1,
80023,Cl skull vlt fx-mod coma,"Closed fracture of vault of skull with subarachnoid, subdural, and extradural hemorrhage, with moderate [1-24 hours] loss of consciousness",0,0,1,0,0,0,0,1,1,
80025,Cl skul vlt fx-deep coma,"Closed fracture of vault of skull with subarachnoid, subdural, and extradural hemorrhage, with prolonged [more than 24 hours] loss of consciousness, without return to pre-existing conscious level",0,0,1,0,0,0,0,2,1,
80026,Cl skull vlt fx-coma NOS,"Closed fracture of vault of skull with subarachnoid, subdural, and extradural hemorrhage, with loss of consciousness of unspecified duration",0,0,1,0,0,0,0,1,1,
80076,Opn skul vlt fx-coma NOS,"Open fracture of vault of skull with subarachnoid, subdural, and extradural hemorrhage, with loss of consciousness of unspecified duration",0,0,1,0,0,0,0,1,1,
80120,Cl skl base fx/menin hem,"Closed fracture of base of skull with subarachnoid, subdural, and extradural hemorrhage, unspecified state of consciousness",0,0,1,0,0,0,0,8,1,
80121,Cl skul base fx w/o coma,"Closed fracture of base of skull with subarachnoid, subdural, and extradural hemorrhage, with no loss of consciousness",0,0,1,0,0,0,0,13,1,
80122,Cl skul base fx/brf coma,"Closed fracture of base of skull with subarachnoid, subdural, and extradural hemorrhage, with brief [less than one hour] loss of consciousness",0,0,1,0,0,0,0,15,1,
80124,Cl skl base fx-prol coma,"Closed fracture of base of skull with subarachnoid, subdural, and extradural hemorrhage, with prolonged [more than 24 hours] loss of consciousness and return to pre-existing conscious level",0,0,1,0,0,0,0,1,1,
80125,Cl skl base fx-deep coma,"Closed fracture of base of skull with subarachnoid, subdural, and extradural hemorrhage, with prolonged [more than 24 hours] loss of consciousness, without return to pre-existing conscious level",0,0,1,0,0,0,0,10,1,
80126,Cl skul base fx-coma NOS,"Closed fracture of base of skull with subarachnoid, subdural, and extradural hemorrhage, with loss of consciousness of unspecified duration",0,0,1,0,0,0,0,11,1,
80130,Cl skull base fx/hem NEC,"Closed fracture of base of skull with other and unspecified intracranial hemorrhage, unspecified state of consciousness",0,0,1,0,0,0,0,5,1,
80131,Cl skul base fx w/o coma,"Closed fracture of base of skull with other and unspecified intracranial hemorrhage, with no loss of consciousness",0,0,1,0,0,0,0,2,1,
80136,Cl skul base fx-coma NOS,"Closed fracture of base of skull with other and unspecified intracranial hemorrhage, with loss of consciousness of unspecified duration",0,0,1,0,0,0,0,2,1,
80171,Opn skl base fx w/o coma,"Open fracture of base of skull with subarachnoid, subdural, and extradural hemorrhage, with no loss of consciousness",0,0,1,0,0,0,0,1,1,
80175,Op skl base fx-deep coma,"Open fracture of base of skull with subarachnoid, subdural, and extradural hemorrhage, with prolonged [more than 24 hours] loss of consciousness, without return to pre-existing conscious level",0,0,1,0,0,0,0,1,1,
80176,Opn skl base fx-coma NOS,"Open fracture of base of skull with subarachnoid, subdural, and extradural hemorrhage, with loss of consciousness of unspecified duration",0,0,1,0,0,0,0,1,1,
80182,Opn skl base fx-brf coma,"Open fracture of base of skull with other and unspecified intracranial hemorrhage, with brief [less than one hour] loss of consciousness",0,0,1,0,0,0,0,1,1,
80320,Cl skl fx NEC/mening hem,"Other closed skull fracture with subarachnoid, subdural, and extradural hemorrhage, unspecified state of consciousness",0,0,1,0,0,0,0,1,1,
80321,Cl skull fx NEC w/o coma,"Other closed skull fracture with subarachnoid, subdural, and extradural hemorrhage, with no loss of consciousness",0,0,1,0,0,0,0,7,1,
80322,Cl skull fx NEC-brf coma,"Other closed skull fracture with subarachnoid, subdural, and extradural hemorrhage, with brief [less than one hour] loss of consciousness",0,0,1,0,0,0,0,1,1,
80325,Cl skul fx NEC-deep coma,"Other closed skull fracture with subarachnoid, subdural, and extradural hemorrhage, with prolonged [more than 24 hours] loss of consciousness, without return to pre-existing conscious level",0,0,1,0,0,0,0,2,1,
80326,Cl skull fx NEC-coma NOS,"Other closed skull fracture with subarachnoid, subdural, and extradural hemorrhage, with loss of consciousness of unspecified duration",0,0,1,0,0,0,0,3,1,
80422,Cl skl w oth fx-brf coma,"Closed fractures involving skull or face with other bones with subarachnoid, subdural, and extradural hemorrhage, with brief [less than one hour] loss of consciousness",0,0,1,0,0,0,0,4,1,
80425,Cl skul/oth fx-deep coma,"Closed fractures involving skull or face with other bones with subarachnoid, subdural, and extradural hemorrhage, with prolonged [more than 24 hours] loss of consciousness, without return to pre-existing conscious level",0,0,1,0,0,0,0,7,1,
80435,Cl skul/oth fx-deep coma,"Closed fractures involving skull or face with other bones, with other and unspecified intracranial hemorrhage, with prolonged [more than 24 hours] loss of consciousness, without return to pre-existing conscious level",0,0,1,0,0,0,0,1,1,
85200,Traum subarachnoid hem,"Subarachnoid hemorrhage following injury without mention of open intracranial wound, unspecified state of consciousness",0,0,1,0,0,0,0,25,1,
85201,Subarachnoid hem-no coma,"Subarachnoid hemorrhage following injury without mention of open intracranial wound, with no loss of consciousness",0,0,1,0,0,0,0,33,1,
85202,Subarach hem-brief coma,"Subarachnoid hemorrhage following injury without mention of open intracranial wound, with brief [less than one hour] loss of consciousness",0,0,1,0,0,0,0,8,1,
85203,Subarach hem-mod coma,"Subarachnoid hemorrhage following injury without mention of open intracranial wound, with moderate [1-24 hours] loss of consciousness",0,0,1,0,0,0,0,1,1,
85205,Subarach hem-deep coma,"Subarachnoid hemorrhage following injury without mention of open intracranial wound, with prolonged [more than 24 hours] loss of consciousness without return to pre-existing conscious level",0,0,1,0,0,0,0,10,1,
85206,Subarach hem-coma NOS,"Subarachnoid hemorrhage following injury without mention of open intracranial wound, with loss of consciousness of unspecified duration",0,0,1,0,0,0,0,13,1,
85211,Opn subarach hem-no coma,"Subarachnoid hemorrhage following injury with open intracranial wound, with no loss of consciousness",0,0,1,0,0,0,0,2,1,
85220,Traumatic subdural hem,"Subdural hemorrhage following injury without mention of open intracranial wound, unspecified state of consciousness",0,0,1,0,0,0,0,31,1,
85221,Subdural hem w/o coma,"Subdural hemorrhage following injury without mention of open intracranial wound, with no loss of consciousness",0,0,1,0,0,0,0,63,1,
85222,Subdural hem-brief coma,"Subdural hemorrhage following injury without mention of open intracranial wound, with brief [less than one hour] loss of consciousness",0,0,1,0,0,0,0,15,1,
85225,Subdural hem-deep coma,"Subdural hemorrhage following injury without mention of open intracranial wound, with prolonged [more than 24 hours] loss of consciousness without return to pre-existing conscious level",0,0,1,0,0,0,0,3,1,
85226,Subdural hemorr-coma NOS,"Subdural hemorrhage following injury without mention of open intracranial wound, with loss of consciousness of unspecified duration",0,0,1,0,0,0,0,22,1,
85231,Open subdur hem w/o coma,"Subdural hemorrhage following injury with open intracranial wound, with no loss of consciousness",0,0,1,0,0,0,0,1,1,
85239,Opn subdur hem-concuss,"Subdural hemorrhage following injury with open intracranial wound, with concussion, unspecified",0,0,1,0,0,0,0,1,1,
85241,Extradural hem w/o coma,"Extradural hemorrhage following injury without mention of open intracranial wound, with no loss of consciousness",0,0,1,0,0,0,0,3,1,
85242,Extradur hem-brief coma,"Extradural hemorrhage following injury without mention of open intracranial wound, with brief [less than 1 hour] loss of consciousness",0,0,1,0,0,0,0,2,1,
85245,Extradural hem-deep coma,"Extradural hemorrhage following injury without mention of open intracranial wound, with prolonged [more than 24 hours] loss of consciousness without return to pre-existing conscious level",0,0,1,0,0,0,0,2,1,
85246,Extradural hem-coma NOS,"Extradural hemorrhage following injury without mention of open intracranial wound, with loss of consciousness of unspecified duration",0,0,1,0,0,0,0,1,1,
85300,Traumatic brain hem NEC,"Other and unspecified intracranial hemorrhage following injury without mention of open intracranial wound, unspecified state of consciousness",0,0,1,0,0,0,0,13,1,
85301,Brain hem NEC w/o coma,"Other and unspecified intracranial hemorrhage following injury without mention of open intracranial wound, with no loss of consciousness",0,0,1,0,0,0,0,10,1,
85302,Brain hem NEC-brief coma,"Other and unspecified intracranial hemorrhage following injury without mention of open intracranial wound, with brief [less than one hour] loss of consciousness",0,0,1,0,0,0,0,3,1,
85305,Brain hem NEC-deep coma,"Other and unspecified intracranial hemorrhage following injury without mention of open intracranial wound, with prolonged [more than 24 hours] loss of consciousness without return to pre-existing conscious level",0,0,1,0,0,0,0,7,1,
85306,Brain hem NEC-coma NOS,"Other and unspecified intracranial hemorrhage following injury without mention of open intracranial wound, with loss of consciousness of unspecified duration",0,0,1,0,0,0,0,11,1,
86100,Heart injury NOS-closed,Unspecified injury of heart without mention of open wound into thorax,0,1,0,0,0,0,0,2,1,
86101,Heart contusion-closed,Contusion of heart without mention of open wound into thorax,0,1,0,0,0,0,0,19,1,
86103,Heart chamber lacerat-cl,Laceration of heart with penetration of heart chambers without mention of open wound into thorax,0,1,0,0,0,0,0,3,1,
86110,Heart injury NOS-open,Unspecified injury of heart with open wound into thorax,0,1,0,0,0,0,0,2,1,
86113,Heart chamber lacer-opn,Laceration of heart with penetration of heart chambers with open wound into thorax,0,1,0,0,0,0,0,8,1,
9580,Air embolism,Air embolism,0,0,0,0,1,0,0,9,1,
9581,Fat embolism,Fat embolism,0,0,0,0,1,0,0,4,1,
9582,Secondary/recur hemorr,Secondary and recurrent hemorrhage,0,0,1,0,0,0,0,9,1,
9584,Traumatic shock,Traumatic shock,0,0,0,0,0,1,0,74,1,
9720,Pois-card rhythm regulat,Poisoning by cardiac rhythm regulators,1,0,0,0,0,0,0,2,1,
9721,Poisoning-cardiotonics,Poisoning by cardiotonic glycosides and drugs of similar action,1,0,0,0,0,0,0,6,1,
9729,Pois-cardiovasc agt NEC,Poisoning by other and unspecified agents primarily affecting the cardiovascular system,1,0,0,0,0,0,0,9,1,
99601,Malfunc cardiac pacemake,Mechanical complication due to cardiac pacemaker (electrode),1,0,0,0,0,0,0,80,1,
99602,Malfunc prosth hrt valve,Mechanical complication due to heart valve prosthesis,0,1,0,0,0,0,0,55,1,
99604,Mch cmp autm mplnt dfbrl,Mechanical complication of automatic implantable cardiac defibrillator,1,0,0,0,0,0,0,49,1,
99609,Malfunc card dev/grf NEC,"Other mechanical complication of cardiac device, implant, and graft",1,0,0,0,0,0,0,26,1,
99661,React-cardiac dev/graft,"Infection and inflammatory reaction due to cardiac device, implant, and graft",1,0,0,0,0,0,0,256,1,
99671,Comp-heart valve prosth,Other complications due to heart valve prosthesis,0,1,0,0,0,0,0,87,1,
99672,Comp-oth cardiac device,"Other complications due to other cardiac device, implant, and graft",1,0,0,0,0,0,0,447,1,
99683,Compl heart transplant,Complications of transplanted heart,0,1,0,0,0,0,0,2,1,
99702,Iatrogen CV infarc/hmrhg,Iatrogenic cerebrovascular infarction or hemorrhage,0,0,1,0,0,0,0,319,1,
9971,Surg compl-heart,"Cardiac complications, not elsewhere classified",1,0,0,0,0,0,0,2177,1,
99800,"Postoperative shock, NOS","Postoperative shock, unspecified",0,0,0,0,0,1,0,6,0,
99801,"Postop shock,cardiogenic","Postoperative shock, cardiogenic",1,0,0,0,0,1,0,29,1,
99802,"Postop shock, septic","Postoperative shock, septic",0,0,0,0,0,1,0,3,0,
99809,"Postop shock, other","Postoperative shock, other",0,0,0,0,0,1,0,29,0,
99811,Hemorrhage complic proc,Hemorrhage complicating a procedure,0,0,1,0,0,0,0,1049,1,
9991,Air embol comp med care,"Air embolism as a complication of medical care, not elsewhere classified",0,0,0,0,1,0,0,4,1,
E8583,Acc poisn-cardiovasc agt,Accidental poisoning by agents primarily affecting cardiovascular system,1,0,0,0,0,0,0,19,1,
E8700,Acc cut/hem in surgery,"Accidental cut, puncture, perforation or hemorrhage during surgical operation",0,0,1,0,0,0,0,101,1,
E8702,Acc cut/hem-perfusn NEC,"Accidental cut, puncture, perforation or hemorrhage during kidney dialysis or other perfusion",0,0,1,0,0,0,0,1,1,
E8703,Acc cut/hem in injection,"Accidental cut, puncture, perforation or hemorrhage during injection or vaccination",0,0,1,0,0,0,0,1,1,
E8704,Acc cut/hem w scope exam,"Accidental cut, puncture, perforation or hemorrhage during endoscopic examination",0,0,1,0,0,0,0,2,1,
E8705,Acc cut/hem w catheteriz,"Accidental cut, puncture, perforation or hemorrhage during aspiration of fluid or tissue, puncture, and catheterization",0,0,1,0,0,0,0,17,1,
E8706,Acc cut/hem w heart cath,"Accidental cut, puncture, perforation or hemorrhage during heart catheterization",0,1,1,0,0,0,0,64,1,
E8708,Acc cut in med care NEC,"Accidental cut, puncture, perforation or hemorrhage during other specified medical care",0,0,1,0,0,0,0,69,1,
E8709,Acc cut in med care NOS,"Accidental cut, puncture, perforation or hemorrhage during unspecified medical care",0,0,1,0,0,0,0,1,1,
E8716,FB post heart catheter,Foreign object left in body during heart catheterization,0,1,0,0,0,0,0,9,1,
E8790,Abn react-cardiac cath,"Cardiac catheterization as the cause of abnormal reaction of patient, or of later complication, without mention of misadventure at time of procedure",1,0,0,0,0,0,0,512,1,
E9420,Adv eff card rhyth regul,Cardiac rhythm regulators causing adverse effects in therapeutic use,1,0,0,0,0,0,0,80,0,
E9421,Adv eff cardiotonics,Cardiotonic glycosides and drugs of similar action causing adverse effects in therapeutic use,1,0,0,0,0,0,0,33,0,
E9429,Adv eff cardiovasc NEC,Other and unspecified agents primarily affecting the cardiovascular system causing adverse effects in therapeutic use,1,0,0,0,0,0,0,33,0,
V1251,Hx-ven thrombosis/embols,Personal history of venous thrombosis and embolism,0,0,0,0,1,0,0,756,0,
V1253,Hx sudden cardiac arrest,Personal history of sudden cardiac arrest,1,0,0,0,0,0,0,91,0,
V1255,Hx pulmonary embolism,Personal history of pulmonary embolism,0,0,0,0,1,0,0,77,0,
V1365,Hx-cong malform-heart,Personal history of (corrected) congenital malformations of heart and circulatory system,0,1,0,0,0,0,0,12,1,
V151,Hx-major cardiovasc surg,"Personal history of surgery to heart and great vessels, presenting hazards to health",0,1,0,0,0,0,0,27,0,
V173,Fam hx-ischem heart dis,Family history of ischemic heart disease,0,1,0,0,0,0,0,557,0,
V1741,Fam hx sudden card death,Family history of sudden cardiac death (SCD),1,0,0,0,0,0,0,18,0,
V1749,Fam hx-cardiovas dis NEC,Family history of other cardiovascular diseases,1,0,0,0,0,0,0,73,0,
V421,Heart transplant status,Heart replaced by transplant,0,1,0,0,0,0,0,4,1,
V422,Heart valve transplant,Heart valve replaced by transplant,0,1,0,0,0,0,0,353,1,
V433,Heart valve replac NEC,Heart valve replaced by other means,0,1,0,0,0,0,0,367,1,
V4501,Status cardiac pacemaker,Cardiac pacemaker in situ,1,0,0,0,0,0,0,748,0,
V4502,Status autm crd dfbrltr,Automatic implantable cardiac defibrillator in situ,1,0,0,0,0,0,0,420,0,
V4509,Status oth spcf crdc dvc,Other specified cardiac device in situ,1,0,0,0,0,0,0,2,0,
V5331,Ftng cardiac pacemaker,Fitting and adjustment of cardiac pacemaker,1,0,0,0,0,0,0,148,0,
V5332,Ftng autmtc dfibrillator,Fitting and adjustment of automatic implantable cardiac defibrillator,1,0,0,0,0,0,0,80,0,
V5339,Ftng oth cardiac device,Fitting and adjustment of other cardiac device,1,0,0,0,0,0,0,15,0,
V7281,Preop cardiovsclr exam,Pre-operative cardiovascular examination,1,0,0,0,0,0,0,2,0,
V812,Screen-cardiovasc NEC,Screening for other and unspecified cardiovascular conditions,1,0,0,0,0,0,0,2,0,